<?xml version="1.0" encoding="UTF-8"?>
<!DOCTYPE struts PUBLIC
    "-//Apache Software Foundation//DTD Struts Configuration 2.1.7//EN"
    "http://struts.apache.org/dtds/struts-2.1.7.dtd">
    
<struts>
	<package name="default" extends="struts-default">
		<action name="compute" class="action.ComputeTruck">
			<result name="success">/truckdetails.jsp</result>
			<result name="input">/truckform.jsp</result>
			<result name="error">/truckdetails2.jsp</result>
		</action>
	</package>
</struts>